url,id,language,country,desktopSpeed,mobileSpeed,title,TitleSymbol,TitleWords,TitlePixel,description,DescriptionSymbol,DescriptionWords,DescriptionPixel,h1,h2,h3,h4,h5,h6,H1Symbol,H1Words,H1Pixel,H2Symbol,H2Words,H2Pixel,H3Symbol,H3Words,H3Pixel,H4Symbol,H4Words,H4Pixel,H5Symbol,H5Words,H5Pixel,H6Symbol,H6Words,H6Pixel,recomdationsTitle,recomdationsText,recomdationsDescription,urlScore,content,redirect,brokenLinks,kbdsDensity,metaData
https://www.create.xyz/dashboard/team/9b75d09d-c99e-481b-9be2-738e9ce8b148/databases,174384702127844820000,en,US,0,0,Log in to your account,22,5,176,All you need is an e-mail to start building the next greatest web application,77,14,589,Request log in link,No H2!,No H3!,No H4!,No H5!,No H6!,19,4,144,0,0,0,0,0,0,0,0,0,0,0,0,0,0,0,"{""common_words"":[""log"",""account""],""uncommon_words"":[],""emotional_words"":[],""power_words"":[],""stop_words"":[""in"",""to"",""your""],""score"":19,""recommendations"":[""Using brackets increases CTR by 38%."",""Using numbers increases CTR by 36%."",""Use provoking words from paid Google ads, e.g., free shipping, discounts, etc."",""Capitalize the First Letter in Each Word on Your Title, Except articles & prepositions."",""Length should be between 60 - 70 characters""]}","{""common_words"":[""Request"",""log"",""link""],""uncommon_words"":[],""emotional_words"":[],""power_words"":[],""stop_words"":[""in""],""score"":40,""recommendations"":[""Keep the length between 40-60 characters"",""Add Powerful and Emotional Words. (\""Ultimate,” “Proven,” “Best”)""],""two_word_keywords"":[]}","{""common_words"":[""need"",""e-mail"",""start"",""building"",""next"",""web"",""application""],""uncommon_words"":[""you"",""need""],""emotional_words"":[],""stop_words"":[""All"",""you"",""is"",""an"",""to"",""the""],""power_words"":[""greatest""],""fillerWords"":[],""actionVerbs"":[[""start building""],[""start"",""next""]],""score"":55,""recommendations"":[""Keep the length between 150-160 characters (920 pixels)"",""Add Numbers. (\""10 tips,\"" \""25% boost,\"" \""5 strategies\"")"",""Add Powerful and Emotional Words. (\""proven,\"" \""guaranteed,\"" \""revolutionary,\"" \""exclusive,\"" \""essential\"")""]}",34,"{""words"":5,""characters"":28}","{""status"":200,""redirected"":false,""redirectedTo"":false}",[],"[object Object],[object Object]","{""redisListLen"":208101,""xmlUrlsListLen"":0,""webauditProcessId"":75464056,""secondaryProcessDone"":false,""apiUrlsLeft"":208097}"
https://www.create.xyz/share/6e0c881f-1d3f-4b4d-981f-a87fba3b4062,174384702303110430000,en,US,0,0,AI Apparel Designer - built with Create,39,7,301,Make your own in 2 minutes,26,6,224,No H1!,Product,AI Apparel Designer,"© 2025 Create, Inc.",No H5!,No H6!,0,0,0,7,1,62,19,3,157,19,3,145,0,0,0,0,0,0,"{""common_words"":[""designer""],""uncommon_words"":[],""emotional_words"":[],""power_words"":[""create""],""stop_words"":[""with""],""score"":36,""recommendations"":[""Using brackets increases CTR by 38%."",""Using numbers increases CTR by 36%."",""Use provoking words from paid Google ads, e.g., free shipping, discounts, etc."",""Capitalize the First Letter in Each Word on Your Title, Except articles & prepositions."",""Length should be between 60 - 70 characters""]}","{""common_words"":[],""uncommon_words"":[],""emotional_words"":[],""power_words"":[],""stop_words"":[],""score"":0,""recommendations"":[""Keep the length between 40-60 characters"",""Add Powerful and Emotional Words. (\""Ultimate,” “Proven,” “Best”)"",""Avoid stuffing keywords (too many commas)""]}","{""common_words"":[""Make""],""uncommon_words"":[""Make""],""emotional_words"":[],""stop_words"":[""your"",""own"",""in""],""power_words"":[],""fillerWords"":[],""actionVerbs"":[[],[]],""score"":35,""recommendations"":[""Keep the length between 150-160 characters (920 pixels)"",""Add a Call-To-Action. (\""Learn more,\"" \""Discover more,\"" \""Find out,\"" \""Get it,\"" \""Start now,\"" \""Unlock now\"")"",""Add Powerful and Emotional Words. (\""proven,\"" \""guaranteed,\"" \""revolutionary,\"" \""exclusive,\"" \""essential\"")""]}",13,"{""words"":38,""characters"":338}","{""status"":200,""redirected"":false,""redirectedTo"":false}",[],"[object Object],[object Object],[object Object],[object Object],[object Object],[object Object],[object Object],[object Object],[object Object],[object Object]","{""redisListLen"":208127,""secondaryProcessDone"":false,""apiUrlsLeft"":208103,""xmlUrlsListLen"":0}"
https://www.create.xyz/share/26043af5-0a15-45cf-9269-746b83858c34,174384702303748400000,en,US,0,0,New Component - built with Create,33,6,278,Make your own in 2 minutes,26,6,224,No H1!,Product,New Component,"© 2025 Create, Inc.",No H5!,No H6!,0,0,0,7,1,62,13,2,133,19,3,145,0,0,0,0,0,0,"{""common_words"":[""component""],""uncommon_words"":[""new""],""emotional_words"":[],""power_words"":[""new"",""create""],""stop_words"":[""with""],""score"":26,""recommendations"":[""Using brackets increases CTR by 38%."",""Using numbers increases CTR by 36%."",""Use provoking words from paid Google ads, e.g., free shipping, discounts, etc."",""Capitalize the First Letter in Each Word on Your Title, Except articles & prepositions."",""Length should be between 60 - 70 characters""]}","{""common_words"":[],""uncommon_words"":[],""emotional_words"":[],""power_words"":[],""stop_words"":[],""score"":0,""recommendations"":[""Keep the length between 40-60 characters"",""Add Powerful and Emotional Words. (\""Ultimate,” “Proven,” “Best”)"",""Avoid stuffing keywords (too many commas)""]}","{""common_words"":[""Make""],""uncommon_words"":[""Make""],""emotional_words"":[],""stop_words"":[""your"",""own"",""in""],""power_words"":[],""fillerWords"":[],""actionVerbs"":[[],[]],""score"":35,""recommendations"":[""Keep the length between 150-160 characters (920 pixels)"",""Add a Call-To-Action. (\""Learn more,\"" \""Discover more,\"" \""Find out,\"" \""Get it,\"" \""Start now,\"" \""Unlock now\"")"",""Add Powerful and Emotional Words. (\""proven,\"" \""guaranteed,\"" \""revolutionary,\"" \""exclusive,\"" \""essential\"")""]}",10,"{""words"":13,""characters"":206}","{""status"":200,""redirected"":false,""redirectedTo"":false}",[],"[object Object],[object Object],[object Object],[object Object],[object Object],[object Object],[object Object]",
https://www.create.xyz/share/fc2742ba-2f87-4543-9d46-26a55b30c7a6,174384702304219400000,en,US,0,0,AI Collaboration Suite - built with Create,42,7,315,Make your own in 2 minutes,26,6,224,No H1!,Product,AI Collaboration Suite,"© 2025 Create, Inc.",No H5!,No H6!,0,0,0,7,1,62,22,3,171,19,3,145,0,0,0,0,0,0,"{""common_words"":[""collaboration"",""suite""],""uncommon_words"":[],""emotional_words"":[],""power_words"":[""create""],""stop_words"":[""with""],""score"":38,""recommendations"":[""Using brackets increases CTR by 38%."",""Using numbers increases CTR by 36%."",""Use provoking words from paid Google ads, e.g., free shipping, discounts, etc."",""Capitalize the First Letter in Each Word on Your Title, Except articles & prepositions."",""Length should be between 60 - 70 characters""]}","{""common_words"":[],""uncommon_words"":[],""emotional_words"":[],""power_words"":[],""stop_words"":[],""score"":0,""recommendations"":[""Keep the length between 40-60 characters"",""Add Powerful and Emotional Words. (\""Ultimate,” “Proven,” “Best”)"",""Avoid stuffing keywords (too many commas)""]}","{""common_words"":[""Make""],""uncommon_words"":[""Make""],""emotional_words"":[],""stop_words"":[""your"",""own"",""in""],""power_words"":[],""fillerWords"":[],""actionVerbs"":[[],[]],""score"":35,""recommendations"":[""Keep the length between 150-160 characters (920 pixels)"",""Add a Call-To-Action. (\""Learn more,\"" \""Discover more,\"" \""Find out,\"" \""Get it,\"" \""Start now,\"" \""Unlock now\"")"",""Add Powerful and Emotional Words. (\""proven,\"" \""guaranteed,\"" \""revolutionary,\"" \""exclusive,\"" \""essential\"")""]}",14,"{""words"":14,""characters"":210}","{""status"":200,""redirected"":false,""redirectedTo"":false}",[],"[object Object],[object Object],[object Object],[object Object],[object Object],[object Object],[object Object],[object Object]",
https://www.create.xyz/share/ac9b476f-d07b-4eae-9c33-18926bca29ef,174384702304721300000,en,US,0,0,Text Site Style Webpage - built with Create,43,8,332,Make your own in 2 minutes,26,6,224,No H1!,Product,Text Site Style Webpage,"© 2025 Create, Inc.",No H5!,No H6!,0,0,0,7,1,62,23,4,188,19,3,145,0,0,0,0,0,0,"{""common_words"":[""text"",""site"",""style""],""uncommon_words"":[],""emotional_words"":[],""power_words"":[""create""],""stop_words"":[""with""],""score"":34,""recommendations"":[""Using brackets increases CTR by 38%."",""Using numbers increases CTR by 36%."",""Use provoking words from paid Google ads, e.g., free shipping, discounts, etc."",""Capitalize the First Letter in Each Word on Your Title, Except articles & prepositions."",""Length should be between 60 - 70 characters""]}","{""common_words"":[],""uncommon_words"":[],""emotional_words"":[],""power_words"":[],""stop_words"":[],""score"":0,""recommendations"":[""Keep the length between 40-60 characters"",""Add Powerful and Emotional Words. (\""Ultimate,” “Proven,” “Best”)"",""Avoid stuffing keywords (too many commas)""]}","{""common_words"":[""Make""],""uncommon_words"":[""Make""],""emotional_words"":[],""stop_words"":[""your"",""own"",""in""],""power_words"":[],""fillerWords"":[],""actionVerbs"":[[],[]],""score"":35,""recommendations"":[""Keep the length between 150-160 characters (920 pixels)"",""Add a Call-To-Action. (\""Learn more,\"" \""Discover more,\"" \""Find out,\"" \""Get it,\"" \""Start now,\"" \""Unlock now\"")"",""Add Powerful and Emotional Words. (\""proven,\"" \""guaranteed,\"" \""revolutionary,\"" \""exclusive,\"" \""essential\"")""]}",13,"{""words"":21,""characters"":259}","{""status"":200,""redirected"":false,""redirectedTo"":false}",[],"[object Object],[object Object],[object Object],[object Object],[object Object],[object Object],[object Object],[object Object]",
https://www.create.xyz/share/0dfb6a9b-56d7-46ae-a904-c51d5bfc2a5c,174384702306238100000,en,US,0,0,No Title!,0,0,0,No Description!,0,0,0,No H1!,No H1!,No H1!,No H1!,No H1!,No H1!,0,0,0,0,0,0,0,0,0,0,0,0,0,0,0,0,0,0,"{""score"":0}","{""score"":0}","{""score"":0}",0,"{""words"":0,""characters"":0}","{""status"":402,""redirected"":false,""redirectedTo"":false,""noindex"":true}",[],,
https://www.create.xyz/share/4023e5bf-3afb-4e4a-82f9-5f2839d3da6f,174384702306293200000,en,US,0,0,Pencil Chat Pro - built with Create,35,7,264,Make your own in 2 minutes,26,6,224,No H1!,Product,Pencil Chat Pro,"© 2025 Create, Inc.",No H5!,No H6!,0,0,0,7,1,62,15,3,120,19,3,145,0,0,0,0,0,0,"{""common_words"":[""pencil"",""pro""],""uncommon_words"":[],""emotional_words"":[],""power_words"":[""create""],""stop_words"":[""with""],""score"":34,""recommendations"":[""Using brackets increases CTR by 38%."",""Using numbers increases CTR by 36%."",""Use provoking words from paid Google ads, e.g., free shipping, discounts, etc."",""Capitalize the First Letter in Each Word on Your Title, Except articles & prepositions."",""Length should be between 60 - 70 characters""]}","{""common_words"":[],""uncommon_words"":[],""emotional_words"":[],""power_words"":[],""stop_words"":[],""score"":0,""recommendations"":[""Keep the length between 40-60 characters"",""Add Powerful and Emotional Words. (\""Ultimate,” “Proven,” “Best”)"",""Avoid stuffing keywords (too many commas)""]}","{""common_words"":[""Make""],""uncommon_words"":[""Make""],""emotional_words"":[],""stop_words"":[""your"",""own"",""in""],""power_words"":[],""fillerWords"":[],""actionVerbs"":[[],[]],""score"":35,""recommendations"":[""Keep the length between 150-160 characters (920 pixels)"",""Add a Call-To-Action. (\""Learn more,\"" \""Discover more,\"" \""Find out,\"" \""Get it,\"" \""Start now,\"" \""Unlock now\"")"",""Add Powerful and Emotional Words. (\""proven,\"" \""guaranteed,\"" \""revolutionary,\"" \""exclusive,\"" \""essential\"")""]}",13,"{""words"":23,""characters"":266}","{""status"":200,""redirected"":false,""redirectedTo"":false}",[],"[object Object],[object Object],[object Object],[object Object],[object Object],[object Object],[object Object],[object Object]",
https://www.create.xyz/share/356959bb-85f1-4424-b459-43b8db693e2d,174384702307038860000,en,US,0,0,Output: Untitled - built with Create,36,6,273,Make your own in 2 minutes,26,6,224,No H1!,Product,Output: Untitled,"© 2025 Create, Inc.",No H5!,No H6!,0,0,0,7,1,62,16,2,128,19,3,145,0,0,0,0,0,0,"{""common_words"":[""output""],""uncommon_words"":[],""emotional_words"":[],""power_words"":[""create""],""stop_words"":[""with""],""score"":32,""recommendations"":[""Using brackets increases CTR by 38%."",""Using numbers increases CTR by 36%."",""Use provoking words from paid Google ads, e.g., free shipping, discounts, etc."",""Capitalize the First Letter in Each Word on Your Title, Except articles & prepositions."",""Length should be between 60 - 70 characters""]}","{""common_words"":[],""uncommon_words"":[],""emotional_words"":[],""power_words"":[],""stop_words"":[],""score"":0,""recommendations"":[""Keep the length between 40-60 characters"",""Add Powerful and Emotional Words. (\""Ultimate,” “Proven,” “Best”)"",""Avoid stuffing keywords (too many commas)""]}","{""common_words"":[""Make""],""uncommon_words"":[""Make""],""emotional_words"":[],""stop_words"":[""your"",""own"",""in""],""power_words"":[],""fillerWords"":[],""actionVerbs"":[[],[]],""score"":35,""recommendations"":[""Keep the length between 150-160 characters (920 pixels)"",""Add a Call-To-Action. (\""Learn more,\"" \""Discover more,\"" \""Find out,\"" \""Get it,\"" \""Start now,\"" \""Unlock now\"")"",""Add Powerful and Emotional Words. (\""proven,\"" \""guaranteed,\"" \""revolutionary,\"" \""exclusive,\"" \""essential\"")""]}",12,"{""words"":81,""characters"":614}","{""status"":200,""redirected"":false,""redirectedTo"":false}",[],"[object Object],[object Object],[object Object],[object Object],[object Object],[object Object],[object Object],[object Object]",
https://www.create.xyz/share/e87e9698-bd76-44f3-8bff-5d9f5d29667f,174384702310688360000,en,US,0,0,CBT Mental Companion - built with Create,40,7,331,Make your own in 2 minutes,26,6,224,No H1!,Product,CBT Mental Companion,"© 2025 Create, Inc.",No H5!,No H6!,0,0,0,7,1,62,20,3,187,19,3,145,0,0,0,0,0,0,"{""common_words"":[""mental"",""companion""],""uncommon_words"":[],""emotional_words"":[],""power_words"":[""create""],""stop_words"":[""with""],""score"":37,""recommendations"":[""Using brackets increases CTR by 38%."",""Using numbers increases CTR by 36%."",""Use provoking words from paid Google ads, e.g., free shipping, discounts, etc."",""Capitalize the First Letter in Each Word on Your Title, Except articles & prepositions."",""Length should be between 60 - 70 characters""]}","{""common_words"":[],""uncommon_words"":[],""emotional_words"":[],""power_words"":[],""stop_words"":[],""score"":0,""recommendations"":[""Keep the length between 40-60 characters"",""Add Powerful and Emotional Words. (\""Ultimate,” “Proven,” “Best”)"",""Avoid stuffing keywords (too many commas)""]}","{""common_words"":[""Make""],""uncommon_words"":[""Make""],""emotional_words"":[],""stop_words"":[""your"",""own"",""in""],""power_words"":[],""fillerWords"":[],""actionVerbs"":[[],[]],""score"":35,""recommendations"":[""Keep the length between 150-160 characters (920 pixels)"",""Add a Call-To-Action. (\""Learn more,\"" \""Discover more,\"" \""Find out,\"" \""Get it,\"" \""Start now,\"" \""Unlock now\"")"",""Add Powerful and Emotional Words. (\""proven,\"" \""guaranteed,\"" \""revolutionary,\"" \""exclusive,\"" \""essential\"")""]}",14,"{""words"":19,""characters"":242}","{""status"":200,""redirected"":false,""redirectedTo"":false}",[],"[object Object],[object Object],[object Object],[object Object],[object Object],[object Object],[object Object],[object Object]",
https://www.create.xyz/share/71e1c267-a6cf-4aef-8263-7840802503e6,174384702311797030000,en,US,0,0,VR Architecture Tours - built with Create,41,7,316,Make your own in 2 minutes,26,6,224,No H1!,Product,VR Architecture Tours,"© 2025 Create, Inc.",No H5!,No H6!,0,0,0,7,1,62,21,3,172,19,3,145,0,0,0,0,0,0,"{""common_words"":[""architecture""],""uncommon_words"":[],""emotional_words"":[],""power_words"":[""create""],""stop_words"":[""with""],""score"":37,""recommendations"":[""Using brackets increases CTR by 38%."",""Using numbers increases CTR by 36%."",""Use provoking words from paid Google ads, e.g., free shipping, discounts, etc."",""Capitalize the First Letter in Each Word on Your Title, Except articles & prepositions."",""Length should be between 60 - 70 characters""]}","{""common_words"":[],""uncommon_words"":[],""emotional_words"":[],""power_words"":[],""stop_words"":[],""score"":0,""recommendations"":[""Keep the length between 40-60 characters"",""Add Powerful and Emotional Words. (\""Ultimate,” “Proven,” “Best”)"",""Avoid stuffing keywords (too many commas)""]}","{""common_words"":[""Make""],""uncommon_words"":[""Make""],""emotional_words"":[],""stop_words"":[""your"",""own"",""in""],""power_words"":[],""fillerWords"":[],""actionVerbs"":[[],[]],""score"":35,""recommendations"":[""Keep the length between 150-160 characters (920 pixels)"",""Add a Call-To-Action. (\""Learn more,\"" \""Discover more,\"" \""Find out,\"" \""Get it,\"" \""Start now,\"" \""Unlock now\"")"",""Add Powerful and Emotional Words. (\""proven,\"" \""guaranteed,\"" \""revolutionary,\"" \""exclusive,\"" \""essential\"")""]}",14,"{""words"":13,""characters"":207}","{""status"":200,""redirected"":false,""redirectedTo"":false}",[],"[object Object],[object Object],[object Object],[object Object],[object Object],[object Object],[object Object]",
https://www.create.xyz/share/e3a6015f-c295-4c25-bf7d-cb5177c5e81e,174384702312178900000,en,US,0,0,Vyola Platform - built with Create,34,6,260,Make your own in 2 minutes,26,6,224,No H1!,Product,Vyola Platform,"© 2025 Create, Inc.",No H5!,No H6!,0,0,0,7,1,62,14,2,116,19,3,145,0,0,0,0,0,0,"{""common_words"":[""platform""],""uncommon_words"":[],""emotional_words"":[],""power_words"":[""create""],""stop_words"":[""with""],""score"":31,""recommendations"":[""Using brackets increases CTR by 38%."",""Using numbers increases CTR by 36%."",""Use provoking words from paid Google ads, e.g., free shipping, discounts, etc."",""Capitalize the First Letter in Each Word on Your Title, Except articles & prepositions."",""Length should be between 60 - 70 characters""]}","{""common_words"":[],""uncommon_words"":[],""emotional_words"":[],""power_words"":[],""stop_words"":[],""score"":0,""recommendations"":[""Keep the length between 40-60 characters"",""Add Powerful and Emotional Words. (\""Ultimate,” “Proven,” “Best”)"",""Avoid stuffing keywords (too many commas)""]}","{""common_words"":[""Make""],""uncommon_words"":[""Make""],""emotional_words"":[],""stop_words"":[""your"",""own"",""in""],""power_words"":[],""fillerWords"":[],""actionVerbs"":[[],[]],""score"":35,""recommendations"":[""Keep the length between 150-160 characters (920 pixels)"",""Add a Call-To-Action. (\""Learn more,\"" \""Discover more,\"" \""Find out,\"" \""Get it,\"" \""Start now,\"" \""Unlock now\"")"",""Add Powerful and Emotional Words. (\""proven,\"" \""guaranteed,\"" \""revolutionary,\"" \""exclusive,\"" \""essential\"")""]}",12,"{""words"":59,""characters"":482}","{""status"":200,""redirected"":false,""redirectedTo"":false}",[],"[object Object],[object Object],[object Object],[object Object],[object Object],[object Object],[object Object],[object Object]",
https://www.create.xyz/share/9310a6e0-57d6-4396-a93e-0ed4236a254b,174384702526084400000,en,US,0,0,Stylish Button - built with Create,34,6,253,Make your own in 2 minutes,26,6,224,No H1!,Product,Stylish Button,"© 2025 Create, Inc.",No H5!,No H6!,0,0,0,7,1,62,14,2,109,19,3,145,0,0,0,0,0,0,"{""common_words"":[""button""],""uncommon_words"":[],""emotional_words"":[],""power_words"":[""create""],""stop_words"":[""with""],""score"":31,""recommendations"":[""Using brackets increases CTR by 38%."",""Using numbers increases CTR by 36%."",""Use provoking words from paid Google ads, e.g., free shipping, discounts, etc."",""Capitalize the First Letter in Each Word on Your Title, Except articles & prepositions."",""Length should be between 60 - 70 characters""]}","{""common_words"":[],""uncommon_words"":[],""emotional_words"":[],""power_words"":[],""stop_words"":[],""score"":0,""recommendations"":[""Keep the length between 40-60 characters"",""Add Powerful and Emotional Words. (\""Ultimate,” “Proven,” “Best”)"",""Avoid stuffing keywords (too many commas)""]}","{""common_words"":[""Make""],""uncommon_words"":[""Make""],""emotional_words"":[],""stop_words"":[""your"",""own"",""in""],""power_words"":[],""fillerWords"":[],""actionVerbs"":[[],[]],""score"":35,""recommendations"":[""Keep the length between 150-160 characters (920 pixels)"",""Add a Call-To-Action. (\""Learn more,\"" \""Discover more,\"" \""Find out,\"" \""Get it,\"" \""Start now,\"" \""Unlock now\"")"",""Add Powerful and Emotional Words. (\""proven,\"" \""guaranteed,\"" \""revolutionary,\"" \""exclusive,\"" \""essential\"")""]}",12,"{""words"":13,""characters"":206}","{""status"":200,""redirected"":false,""redirectedTo"":false}",[],"[object Object],[object Object],[object Object],[object Object],[object Object],[object Object],[object Object]","{""redisListLen"":208142,""secondaryProcessDone"":false,""apiUrlsLeft"":208104,""xmlUrlsListLen"":0,""userLimitReached"":true}"
https://www.create.xyz/share/e4b20e9f-d7c4-44ec-ba43-509e4b137c12,174384702526524800000,en,US,0,0,Installment Cycle Calculator - built with Create,48,7,363,Make your own in 2 minutes,26,6,224,No H1!,Product,Installment Cycle Calculator,"© 2025 Create, Inc.",No H5!,No H6!,0,0,0,7,1,62,28,3,219,19,3,145,0,0,0,0,0,0,"{""common_words"":[""cycle""],""uncommon_words"":[],""emotional_words"":[],""power_words"":[""create""],""stop_words"":[""with""],""score"":41,""recommendations"":[""Using brackets increases CTR by 38%."",""Using numbers increases CTR by 36%."",""Use provoking words from paid Google ads, e.g., free shipping, discounts, etc."",""Capitalize the First Letter in Each Word on Your Title, Except articles & prepositions."",""Length should be between 60 - 70 characters""]}","{""common_words"":[],""uncommon_words"":[],""emotional_words"":[],""power_words"":[],""stop_words"":[],""score"":0,""recommendations"":[""Keep the length between 40-60 characters"",""Add Powerful and Emotional Words. (\""Ultimate,” “Proven,” “Best”)"",""Avoid stuffing keywords (too many commas)""]}","{""common_words"":[""Make""],""uncommon_words"":[""Make""],""emotional_words"":[],""stop_words"":[""your"",""own"",""in""],""power_words"":[],""fillerWords"":[],""actionVerbs"":[[],[]],""score"":35,""recommendations"":[""Keep the length between 150-160 characters (920 pixels)"",""Add a Call-To-Action. (\""Learn more,\"" \""Discover more,\"" \""Find out,\"" \""Get it,\"" \""Start now,\"" \""Unlock now\"")"",""Add Powerful and Emotional Words. (\""proven,\"" \""guaranteed,\"" \""revolutionary,\"" \""exclusive,\"" \""essential\"")""]}",15,"{""words"":17,""characters"":230}","{""status"":200,""redirected"":false,""redirectedTo"":false}",[],"[object Object],[object Object],[object Object],[object Object],[object Object],[object Object],[object Object],[object Object]",
https://www.create.xyz/share/fbd401e4-a7a6-479d-bcca-82eb3ca29231,174384702527121360000,en,US,0,0,Registration Form Component - built with Create,47,7,384,Make your own in 2 minutes,26,6,224,No H1!,Product,Registration Form Component,"© 2025 Create, Inc.",No H5!,No H6!,0,0,0,7,1,62,27,3,239,19,3,145,0,0,0,0,0,0,"{""common_words"":[""form"",""component""],""uncommon_words"":[],""emotional_words"":[],""power_words"":[""create""],""stop_words"":[""with""],""score"":40,""recommendations"":[""Using brackets increases CTR by 38%."",""Using numbers increases CTR by 36%."",""Use provoking words from paid Google ads, e.g., free shipping, discounts, etc."",""Capitalize the First Letter in Each Word on Your Title, Except articles & prepositions."",""Length should be between 60 - 70 characters""]}","{""common_words"":[],""uncommon_words"":[],""emotional_words"":[],""power_words"":[],""stop_words"":[],""score"":0,""recommendations"":[""Keep the length between 40-60 characters"",""Add Powerful and Emotional Words. (\""Ultimate,” “Proven,” “Best”)"",""Avoid stuffing keywords (too many commas)""]}","{""common_words"":[""Make""],""uncommon_words"":[""Make""],""emotional_words"":[],""stop_words"":[""your"",""own"",""in""],""power_words"":[],""fillerWords"":[],""actionVerbs"":[[],[]],""score"":35,""recommendations"":[""Keep the length between 150-160 characters (920 pixels)"",""Add a Call-To-Action. (\""Learn more,\"" \""Discover more,\"" \""Find out,\"" \""Get it,\"" \""Start now,\"" \""Unlock now\"")"",""Add Powerful and Emotional Words. (\""proven,\"" \""guaranteed,\"" \""revolutionary,\"" \""exclusive,\"" \""essential\"")""]}",15,"{""words"":13,""characters"":206}","{""status"":200,""redirected"":false,""redirectedTo"":false}",[],"[object Object],[object Object],[object Object],[object Object],[object Object],[object Object],[object Object]",
https://www.create.xyz/share/db9ebaa3-358c-4518-870a-2dda049b2edc,174384702527679800000,en,US,0,0,Admin Dashboard Power - built with Create,41,7,343,Make your own in 2 minutes,26,6,224,No H1!,Product,Admin Dashboard Power,"© 2025 Create, Inc.",No H5!,No H6!,0,0,0,7,1,62,21,3,198,19,3,145,0,0,0,0,0,0,"{""common_words"":[],""uncommon_words"":[],""emotional_words"":[],""power_words"":[""power"",""create""],""stop_words"":[""with""],""score"":31,""recommendations"":[""Using brackets increases CTR by 38%."",""Using numbers increases CTR by 36%."",""Use provoking words from paid Google ads, e.g., free shipping, discounts, etc."",""Capitalize the First Letter in Each Word on Your Title, Except articles & prepositions."",""Length should be between 60 - 70 characters""]}","{""common_words"":[],""uncommon_words"":[],""emotional_words"":[],""power_words"":[],""stop_words"":[],""score"":0,""recommendations"":[""Keep the length between 40-60 characters"",""Add Powerful and Emotional Words. (\""Ultimate,” “Proven,” “Best”)"",""Avoid stuffing keywords (too many commas)""]}","{""common_words"":[""Make""],""uncommon_words"":[""Make""],""emotional_words"":[],""stop_words"":[""your"",""own"",""in""],""power_words"":[],""fillerWords"":[],""actionVerbs"":[[],[]],""score"":35,""recommendations"":[""Keep the length between 150-160 characters (920 pixels)"",""Add a Call-To-Action. (\""Learn more,\"" \""Discover more,\"" \""Find out,\"" \""Get it,\"" \""Start now,\"" \""Unlock now\"")"",""Add Powerful and Emotional Words. (\""proven,\"" \""guaranteed,\"" \""revolutionary,\"" \""exclusive,\"" \""essential\"")""]}",12,"{""words"":27,""characters"":298}","{""status"":200,""redirected"":false,""redirectedTo"":false}",[],"[object Object],[object Object],[object Object],[object Object],[object Object],[object Object],[object Object],[object Object]",
https://www.create.xyz/share/b6533b3c-0a45-4908-8e11-4c0c1173878f,174384702529663630000,en,US,0,0,MyMatches - built with Create,29,5,235,Make your own in 2 minutes,26,6,224,No H1!,Product,MyMatches,"© 2025 Create, Inc.",No H5!,No H6!,0,0,0,7,1,62,9,1,91,19,3,145,0,0,0,0,0,0,"{""common_words"":[],""uncommon_words"":[],""emotional_words"":[],""power_words"":[""create""],""stop_words"":[""with""],""score"":26,""recommendations"":[""Using brackets increases CTR by 38%."",""Using numbers increases CTR by 36%."",""Use provoking words from paid Google ads, e.g., free shipping, discounts, etc."",""Capitalize the First Letter in Each Word on Your Title, Except articles & prepositions."",""Length should be between 60 - 70 characters""]}","{""common_words"":[],""uncommon_words"":[],""emotional_words"":[],""power_words"":[],""stop_words"":[],""score"":0,""recommendations"":[""Keep the length between 40-60 characters"",""Add Powerful and Emotional Words. (\""Ultimate,” “Proven,” “Best”)"",""Avoid stuffing keywords (too many commas)""]}","{""common_words"":[""Make""],""uncommon_words"":[""Make""],""emotional_words"":[],""stop_words"":[""your"",""own"",""in""],""power_words"":[],""fillerWords"":[],""actionVerbs"":[[],[]],""score"":35,""recommendations"":[""Keep the length between 150-160 characters (920 pixels)"",""Add a Call-To-Action. (\""Learn more,\"" \""Discover more,\"" \""Find out,\"" \""Get it,\"" \""Start now,\"" \""Unlock now\"")"",""Add Powerful and Emotional Words. (\""proven,\"" \""guaranteed,\"" \""revolutionary,\"" \""exclusive,\"" \""essential\"")""]}",10,"{""words"":17,""characters"":230}","{""status"":200,""redirected"":false,""redirectedTo"":false}",[],"[object Object],[object Object],[object Object],[object Object],[object Object],[object Object],[object Object],[object Object]",
https://www.create.xyz/share/aa6b2bc8-4f04-4027-b9a7-b9cfaf71980a,174384702530153450000,en,US,0,0,Orochimaru Artwork - built with Create,38,6,308,Make your own in 2 minutes,26,6,224,No H1!,Product,Orochimaru Artwork,"© 2025 Create, Inc.",No H5!,No H6!,0,0,0,7,1,62,18,2,163,19,3,145,0,0,0,0,0,0,"{""common_words"":[],""uncommon_words"":[],""emotional_words"":[],""power_words"":[""create""],""stop_words"":[""with""],""score"":33,""recommendations"":[""Using brackets increases CTR by 38%."",""Using numbers increases CTR by 36%."",""Use provoking words from paid Google ads, e.g., free shipping, discounts, etc."",""Capitalize the First Letter in Each Word on Your Title, Except articles & prepositions."",""Length should be between 60 - 70 characters""]}","{""common_words"":[],""uncommon_words"":[],""emotional_words"":[],""power_words"":[],""stop_words"":[],""score"":0,""recommendations"":[""Keep the length between 40-60 characters"",""Add Powerful and Emotional Words. (\""Ultimate,” “Proven,” “Best”)"",""Avoid stuffing keywords (too many commas)""]}","{""common_words"":[""Make""],""uncommon_words"":[""Make""],""emotional_words"":[],""stop_words"":[""your"",""own"",""in""],""power_words"":[],""fillerWords"":[],""actionVerbs"":[[],[]],""score"":35,""recommendations"":[""Keep the length between 150-160 characters (920 pixels)"",""Add a Call-To-Action. (\""Learn more,\"" \""Discover more,\"" \""Find out,\"" \""Get it,\"" \""Start now,\"" \""Unlock now\"")"",""Add Powerful and Emotional Words. (\""proven,\"" \""guaranteed,\"" \""revolutionary,\"" \""exclusive,\"" \""essential\"")""]}",12,"{""words"":14,""characters"":210}","{""status"":200,""redirected"":false,""redirectedTo"":false}",[],"[object Object],[object Object],[object Object],[object Object],[object Object],[object Object],[object Object],[object Object]",
https://www.create.xyz/share/b4b2fe8f-e195-4f9e-b00e-2fa33e6368d2,174384702530586800000,en,US,0,0,New Page - built with Create,28,6,223,Make your own in 2 minutes,26,6,224,No H1!,Product,New Page,"© 2025 Create, Inc.",No H5!,No H6!,0,0,0,7,1,62,8,2,79,19,3,145,0,0,0,0,0,0,"{""common_words"":[""page""],""uncommon_words"":[""new""],""emotional_words"":[],""power_words"":[""new"",""create""],""stop_words"":[""with""],""score"":25,""recommendations"":[""Using brackets increases CTR by 38%."",""Using numbers increases CTR by 36%."",""Use provoking words from paid Google ads, e.g., free shipping, discounts, etc."",""Capitalize the First Letter in Each Word on Your Title, Except articles & prepositions."",""Length should be between 60 - 70 characters""]}","{""common_words"":[],""uncommon_words"":[],""emotional_words"":[],""power_words"":[],""stop_words"":[],""score"":0,""recommendations"":[""Keep the length between 40-60 characters"",""Add Powerful and Emotional Words. (\""Ultimate,” “Proven,” “Best”)"",""Avoid stuffing keywords (too many commas)""]}","{""common_words"":[""Make""],""uncommon_words"":[""Make""],""emotional_words"":[],""stop_words"":[""your"",""own"",""in""],""power_words"":[],""fillerWords"":[],""actionVerbs"":[[],[]],""score"":35,""recommendations"":[""Keep the length between 150-160 characters (920 pixels)"",""Add a Call-To-Action. (\""Learn more,\"" \""Discover more,\"" \""Find out,\"" \""Get it,\"" \""Start now,\"" \""Unlock now\"")"",""Add Powerful and Emotional Words. (\""proven,\"" \""guaranteed,\"" \""revolutionary,\"" \""exclusive,\"" \""essential\"")""]}",10,"{""words"":15,""characters"":218}","{""status"":200,""redirected"":false,""redirectedTo"":false}",[],"[object Object],[object Object],[object Object],[object Object],[object Object],[object Object],[object Object],[object Object]",